0,1
B0EXJ8.1,Catharanthus roseus
KAI5660804.1,Catharanthus roseus
KAI5661763.1,Catharanthus roseus
QBY35563.1,Vinca minor
AAR02419.1,Catharanthus roseus
KAI5661762.1,Catharanthus roseus
XIT78073.1,Tabernaemontana elegans
AAR02421.1,Catharanthus roseus
XUJ55405.1,Tabernaemontana elegans
XIT78072.1,Tabernaemontana elegans
Q8GSN1.1,Catharanthus roseus
AAR02417.1,Catharanthus roseus
XIT78074.1,Tabernaemontana elegans
KAI5661758.1,Catharanthus roseus
KAI7980043.1,Camellia lanceoleosa
KAL7215887.1,Camellia fascicularis
AXK92565.1,Gelsemium sempervirens
KAI8008204.1,Camellia lanceoleosa
GMP67410.1,Camellia sinensis var. sinensis
KAI7980042.1,Camellia lanceoleosa
AXF35975.1,Tabernanthe iboga
A0A2Z5P0W7.2,Tabernanthe iboga
KAI8008205.1,Camellia lanceoleosa
XP_028119738.2,Camellia sinensis
XP_027061110.1,Coffea arabica
CDP15886.1,Coffea canephora
XP_027173032.1,Coffea eugenioides
XP_027061142.1,Coffea arabica
KAL3538437.1,Cinchona calisaya
XP_027062010.1,Coffea arabica
XP_027065046.1,Coffea arabica
XP_027172158.1,Coffea eugenioides
XP_027172147.1,Coffea eugenioides
XP_027171256.1,Coffea eugenioides
XP_027062011.1,Coffea arabica
CDP19709.1,Coffea canephora
XP_071904244.1,Coffea arabica
XP_027062348.1,Coffea arabica
KAI5661771.1,Catharanthus roseus
KAL3509282.1,Cinchona calisaya
AAM97498.1,Catharanthus roseus
KAI8558531.1,Rhododendron molle
CAR6233909.1,Salix hastata
XP_027172146.1,Coffea eugenioides
KAL3509278.1,Cinchona calisaya
KAA8526317.1,Nyssa sinensis
XP_058210860.1,Rhododendron vialii
KAG6737942.1,Populus tomentosa
KAH7844778.1,Vaccinium darrowii
KAL7185435.1,Camellia fascicularis
U5NH37.1,Catharanthus roseus
AGX93072.1,Catharanthus longifolius
U3U992.1,Catharanthus roseus
XHC56418.1,Ochrosia elliptica
AGX93068.1,Amsonia hubrichtii
AGX93069.1,Rauvolfia serpentina
AGX93071.1,Vinca minor
WIE96231.1,Mitragyna speciosa
AGX93070.1,Tabernaemontana elegans
XYA23381.1,Carapichea ipecacuanha
AGX93067.1,Cinchona calisaya
KAL3521160.1,Cinchona calisaya
CAI9091610.1,Oldenlandia corymbosa var. corymbosa
KAL2548758.1,Forsythia ovata
KAL2548807.1,Forsythia ovata
CAN8727478.1,Galium boreale
CAN8703582.1,Galium boreale
CAN8738110.1,Galium boreale
AKI87764.1,Gentiana crassa subsp. rigescens
KAK2975665.1,Escallonia rubra
KAK3031053.1,Escallonia herrerae
KAK3031054.1,Escallonia herrerae
KAL2548747.1,Forsythia ovata
XP_071934566.1,Coffea arabica
XP_027155763.1,Coffea eugenioides
AGX93066.1,Lonicera japonica
KAM7482486.1,Lonicera macranthoides
KAM7479166.1,Lonicera macranthoides
CAI9775661.1,Fraxinus pennsylvanica
ALV83447.1,Olea europaea subsp. europaea
KAL2525783.1,Abeliophyllum distichum
XP_022869718.1,Olea europaea var. sylvestris
XP_022855172.1,Olea europaea var. sylvestris
KAL2525782.1,Abeliophyllum distichum
XP_022855173.1,Olea europaea var. sylvestris
XP_027109740.2,Coffea arabica
CAA3017168.1,Olea europaea subsp. europaea
KAH7839427.1,Vaccinium darrowii
KAM7482485.1,Lonicera macranthoides
KAM7479165.1,Lonicera macranthoides
CAA3011328.1,Olea europaea subsp. europaea
KAA8539652.1,Nyssa sinensis
XP_022855174.1,Olea europaea var. sylvestris
KAL3523920.1,Cinchona calisaya
CAA3022364.1,Olea europaea subsp. europaea
CAI9772955.1,Fraxinus pennsylvanica
KAL3523921.1,Cinchona calisaya
CAI9772953.1,Fraxinus pennsylvanica
CAA3022363.1,Olea europaea subsp. europaea
XP_058181841.1,Rhododendron vialii
U5NE19.1,Catharanthus roseus
AGX93059.1,Rauvolfia serpentina
XHC56419.1,Ochrosia elliptica
AGX93058.1,Amsonia hubrichtii
AGX93060.1,Tabernaemontana elegans
AGX93061.1,Vinca minor
AGX93057.1,Cinchona calisaya
KAL3508818.1,Cinchona calisaya
WIE96232.1,Mitragyna speciosa
QWX38540.1,Ophiorrhiza pumila
XYA23382.1,Carapichea ipecacuanha
CAI9088915.1,Oldenlandia corymbosa var. corymbosa
QNS30009.1,Nothapodytes nimmoniana
QBM10924.1,Swertia mussotii
BBI55003.1,Swertia japonica
AKI87771.1,Gentiana crassa subsp. rigescens
ALJ10970.1,Gentiana crassa subsp. rigescens
AKI87763.1,Gentiana crassa subsp. rigescens
CAN8777553.1,Galium boreale
CAN8800300.1,Galium boreale
CAN8781707.1,Galium boreale
AGX93056.1,Lonicera japonica
KAM7498549.1,Lonicera macranthoides
KAM7503867.1,Lonicera macranthoides
KAK3009358.1,Escallonia herrerae
KAK3011388.1,Escallonia herrerae
KAK2992117.1,Escallonia rubra
AIL49061.1,Nothapodytes nimmoniana
KAM7492486.1,Lonicera macranthoides
KAK2992116.1,Escallonia rubra
CAI9088913.1,Oldenlandia corymbosa var. corymbosa
KAK3011389.1,Escallonia herrerae
CAN8800302.1,Galium boreale
XP_059650995.1,Cornus florida
KAM7517455.1,Lonicera macranthoides
XYA23390.1,Alangium salviifolium
KAM7513623.1,Lonicera macranthoides
CAN8781706.1,Galium boreale
CAN8795004.1,Galium boreale
CAN8777551.1,Galium boreale
WMD26768.1,Camptotheca acuminata
QOI02196.1,Camptotheca acuminata
KAA8524065.1,Nyssa sinensis
UNP59806.1,Camptotheca acuminata
KAM7495357.1,Lonicera macranthoides
KAM7492488.1,Lonicera macranthoides
XP_027164185.1,Coffea eugenioides
WZH35016.1,Gardenia jasminoides
WRW51047.1,Uncaria rhynchophylla
WZH35015.1,Gardenia jasminoides
W8JWV8.1,Catharanthus roseus
XYA23379.1,Carapichea ipecacuanha
KAL3498419.1,Cinchona calisaya
CAI9093495.1,Oldenlandia corymbosa var. corymbosa
XP_027181307.1,Coffea eugenioides
XP_027081898.1,Coffea arabica
AKI87769.1,Gentiana crassa subsp. rigescens
AKI87770.1,Gentiana crassa subsp. rigescens
AKI87768.1,Gentiana crassa subsp. rigescens
KAL2544851.1,Forsythia ovata
KAL2544805.1,Forsythia ovata
CAN8787414.1,Galium boreale
KAL2517700.1,Abeliophyllum distichum
KAL2517695.1,Abeliophyllum distichum
KAI3468234.1,Paulownia fortunei
KAG8375564.1,Buddleja alternifolia
PIN02265.1,Handroanthus impetiginosus
CAK9140387.1,Ilex paraguariensis
CDP16164.1,Coffea canephora
CAA2997912.1,Olea europaea subsp. europaea
XP_020549820.1,Sesamum indicum
XP_027085518.1,Coffea arabica
XP_022853375.1,Olea europaea var. sylvestris
XP_022853376.1,Olea europaea var. sylvestris
CAI9755657.1,Fraxinus pennsylvanica
XP_051137809.1,Andrographis paniculata
CAA0810577.1,Striga hermonthica
KAK2966559.1,Escallonia rubra
KAK6140937.1,Rehmannia glutinosa
KAK6161839.1,Rehmannia glutinosa
KAL8537180.1,Phlomoides rotata
MIH5272317.1,Unknown
CAA2997913.1,Olea europaea subsp. europaea
ALG62779.1,Olea europaea
KAL8537182.1,Phlomoides rotata
WNE31664.1,Teucrium marum
AEQ04839.1,Olea europaea
MIM5528194.1,Unknown
KAM7477308.1,Lonicera macranthoides
GFP80254.1,Phtheirospermum japonicum
CAQ4158777.1,Unknown
KAM7480716.1,Lonicera macranthoides
KAN5414928.1,Castilleja lemmonii
KAN8724247.1,Castilleja parviflora
KAN3212043.1,Utricularia aurea
MIM5538145.1,Unknown
KAL3650824.1,Castilleja foliolosa
CAN5992090.1,Veronica longifolia
XP_011081820.1,Sesamum indicum
KAK4490927.1,Penstemon davidsonii
A0A2S1XB67.1,Catharanthus roseus
KAI5648027.1,Catharanthus roseus
A0A5B8XB28.1,Tabernanthe iboga
A0A5B8X7E6.1,Tabernanthe iboga
AYE56101.1,Vinca minor
KAI5648026.1,Catharanthus roseus
AYE56102.1,Tabernaemontana elegans
AYE56103.1,Amsonia hubrichtii
A0A5B8X6A1.1,Tabernanthe iboga
XHA77556.1,Ochrosia elliptica
XHA77553.1,Rauvolfia serpentina
XHA77554.1,Rauvolfia tetraphylla
XHA77559.1,Gelsemium sempervirens
CDP15693.1,Coffea canephora
XHA77563.1,Cephalanthus occidentalis
XP_027073200.2,Coffea arabica
XP_027179532.1,Coffea eugenioides
XP_027078119.2,Coffea arabica
KAI5669986.1,Catharanthus roseus
XP_027074111.2,Coffea arabica
XP_057466222.1,Actinidia eriantha
AKF02526.1,Catharanthus roseus
CDP15695.1,Coffea canephora
XP_027179542.1,Coffea eugenioides
XUR19206.1,Mitragyna speciosa
XHA77562.1,Mitragyna speciosa
XHA77558.1,Gelsemium sempervirens
XHA77561.1,Mitragyna parvifolia
XHA77564.1,Uncaria rhynchophylla
XUR19205.1,Mitragyna speciosa
CDP12587.1,Coffea canephora
XP_027183963.1,Coffea eugenioides
XP_027086119.2,Coffea arabica
KAL3510804.1,Cinchona calisaya
XP_027088090.1,Coffea arabica
XP_027088137.1,Coffea arabica
XP_027183964.1,Coffea eugenioides
KAF3450235.1,Rhamnella rubrinervis
KAL3527636.1,Cinchona calisaya
XP_027086475.1,Coffea arabica
XHA77560.1,Hamelia patens
XHA77557.1,Vinca minor
CDP12588.1,Coffea canephora
XP_062162306.1,Alnus glutinosa
KAJ6950886.1,Populus alba x Populus x berolinensis
KAG6790829.1,Populus tomentosa
KAH7836386.1,Vaccinium darrowii
XP_034897447.1,Populus alba
CAI9107376.1,Oldenlandia corymbosa var. corymbosa
XHA77565.1,Uncaria rhynchophylla
A0A2P1GIW2.1,Catharanthus roseus
KAI5664999.1,Catharanthus roseus
WRU92876.1,Catharanthus roseus
6RT8_A,Catharanthus roseus
WRU92877.1,Catharanthus roseus
KAI5675335.1,Catharanthus roseus
A0A2P1GIY2.1,Catharanthus roseus
KAI5675338.1,Catharanthus roseus
WRU92878.1,Catharanthus roseus
A0A2P1GIW3.1,Catharanthus roseus
6RS4_A,Catharanthus roseus
A0A5B8X6S2.1,Tabernanthe iboga
AYE56105.1,Tabernaemontana elegans
WRU92890.1,Rhazya stricta
AYE56104.1,Tabernaemontana elegans
WRU92893.1,Tabernaemontana divaricata
AYE56107.1,Amsonia hubrichtii
WRU92884.1,Melodinus tenuicaudatus
WRU92868.1,Amsonia hubrichtii
A0A5B8X6B5.1,Tabernanthe iboga
6RJ8_A,Tabernanthe iboga
AYE56108.1,Vinca minor
A0A2P1GIY1.1,Catharanthus roseus
WRU92894.1,Tabernaemontana divaricata
WRU92896.1,Tabernaemontana elegans
WRU92885.1,Melodinus tenuicaudatus
WRU92895.1,Tabernaemontana divaricata
WRU92897.1,Tabernaemontana elegans
WRU92902.1,Tabernanthe iboga
WRU92886.1,Melodinus tenuicaudatus
WRU92869.1,Amsonia hubrichtii
WRU92892.1,Rauvolfia tetraphylla
WRU92898.1,Tabernaemontana elegans
AYE56106.1,Tabernaemontana elegans
WRU92891.1,Rhazya stricta
WRU92903.1,Tabernanthe iboga
KAI5675683.1,Catharanthus roseus
WRU92899.1,Tabernaemontana elegans
WRU92908.1,Vinca minor
WRU92904.1,Tabernanthe iboga
XP_027164246.1,Coffea eugenioides
XP_027116251.1,Coffea arabica
WRU92870.1,Amsonia hubrichtii
WRU92882.1,Mitragyna speciosa
XP_027121267.2,Coffea arabica
WRU92871.1,Amsonia hubrichtii
WRU92887.1,Melodinus tenuicaudatus
WRU92888.1,Melodinus tenuicaudatus
KAJ7980080.1,Quillaja saponaria
CAI9098792.1,Oldenlandia corymbosa var. corymbosa
O04847.2,Catharanthus roseus
AAC49826.1,Catharanthus roseus
AAC49827.1,Catharanthus roseus
KAI5649486.1,Catharanthus roseus
KAI5649492.1,Catharanthus roseus
KAI5675101.1,Catharanthus roseus
ABV25958.1,Catharanthus roseus
KAM7462967.1,Lonicera macranthoides
XP_059632385.1,Cornus florida
KAA8548785.1,Nyssa sinensis
QFG71859.1,Lonicera macranthoides
XP_022867532.1,Olea europaea var. sylvestris
QFG71860.1,Lonicera macranthoides
KAM7462962.1,Lonicera macranthoides
XP_058211941.1,Rhododendron vialii
KAM7485204.1,Lonicera macranthoides
XP_058211933.1,Rhododendron vialii
KAL2530790.1,Forsythia ovata
KAH7845008.1,Vaccinium darrowii
KAH7844688.1,Vaccinium darrowii
KAI8561018.1,Rhododendron molle
XP_082731660.1,Camellia sinensis
XP_058211935.1,Rhododendron vialii
XP_007035062.2,Theobroma cacao
KAL2530328.1,Forsythia ovata
KAH7844820.1,Vaccinium darrowii
XP_002284663.1,Vitis vinifera
CAI9118221.1,Oldenlandia corymbosa var. corymbosa
XP_021290150.1,Herrania umbratica
KAL3507675.1,Cinchona calisaya
XP_052173967.1,Diospyros lotus
KAL6343388.1,Vitis piasezkii
KAH7842218.1,Vaccinium darrowii
CAN66006.1,Vitis vinifera
XP_059275399.1,Lycium ferocissimum
XP_059632379.1,Cornus florida
KAL5542205.1,Ulmus minor
XP_034686198.1,Vitis riparia
KAG5554418.1,Rhododendron griersonianum
XP_023904767.1,Quercus suber
EOY05988.1,Theobroma cacao
CAN67227.1,Vitis vinifera
XP_030974529.1,Quercus lobata
KAL6343391.1,Vitis piasezkii
XP_044500648.1,Mangifera indica
XP_034686200.1,Vitis riparia
KAL2530329.1,Forsythia ovata
XP_059632383.1,Cornus florida
GLU08138.1,Rubroshorea leprosula
XP_027166932.1,Coffea eugenioides
Q9ZTK5.1,Catharanthus roseus
KAI5674952.1,Catharanthus roseus
CEO43942.1,Catharanthus roseus
CEO43943.1,Catharanthus roseus
Q8GZU0.1,Catharanthus roseus
A0A2K8FQU5.1,Catharanthus roseus
A0A9E7S5E3.1,Alstonia scholaris
KAI5669707.1,Catharanthus roseus
KAI5674944.1,Catharanthus roseus
KAI5674932.1,Catharanthus roseus
KAI5674947.1,Catharanthus roseus
KAI5674951.1,Catharanthus roseus
KAI5674949.1,Catharanthus roseus
KAI5674945.1,Catharanthus roseus
KAI5674955.1,Catharanthus roseus
KAI5674933.1,Catharanthus roseus
KAI5669441.1,Catharanthus roseus
YCO90880.1,Cinchona pubescens
KAL3537463.1,Cinchona calisaya
P0DO84.1,Strychnos nux-vomica
P0DXG0.1,Strychnos sp.
KAM3362758.1,Capsicum galapagoense
NP_001311698.1,Capsicum annuum
AAV66311.1,Capsicum annuum
PHT56199.1,Capsicum baccatum
Q58VT1.1,Capsicum frutescens
AAV66310.1,Capsicum annuum
QCT85208.1,Capsicum annuum
KAM3285523.1,Capsicum chacoense
AAV66309.1,Capsicum chinense
KAF3637602.1,Capsicum annuum
KAM3362757.1,Capsicum galapagoense
A0A2G3D6U1.1,Capsicum chinense
PHU26685.1,Capsicum chinense
XP_016467639.1,Nicotiana tabacum
XP_070025052.1,Nicotiana sylvestris
XP_070025047.1,Nicotiana sylvestris
KAF3623437.1,Capsicum annuum
ATG80133.1,Atropa belladonna
XP_016560262.2,Capsicum annuum
XP_059314868.1,Lycium ferocissimum
KAM3285522.1,Capsicum chacoense
PHT26523.1,Capsicum baccatum
KAK4278478.1,Acacia crassicarpa
XP_019229743.1,Nicotiana attenuata
XP_027101735.1,Coffea arabica
XP_049358061.1,Solanum verrucosum
XP_050132963.1,Malus sylvestris
KAB2624869.1,Pyrus ussuriensis x Pyrus communis
XP_050132964.1,Malus sylvestris
A0A1B1FHP3.1,Catharanthus roseus
A0A5B8X8Z0.1,Tabernanthe iboga
8B1V_A,Tabernanthe iboga
A0A5B8XAH0.1,Tabernanthe iboga
ANQ45232.1,Catharanthus roseus
KAI5667523.1,Catharanthus roseus
WKU61918.1,Rauvolfia serpentina
YFZ31637.1,Strychnos spinosa
KAI5667519.1,Catharanthus roseus
AYE56100.1,Catharanthus roseus
WRI02172.1,Rauvolfia tetraphylla
KAI5672611.1,Catharanthus roseus
KAI5672600.1,Catharanthus roseus
A0A0U3S9Q3.1,Rauvolfia serpentina
ANQ45230.1,Catharanthus roseus
WRI02170.1,Rauvolfia tetraphylla
A0A0U4BHM2.1,Rauvolfia tetraphylla
XP_059645435.1,Cornus florida
KAM7529384.1,Lonicera macranthoides
KAM7523844.1,Lonicera macranthoides
AAW45741.1,Populus tremula x Populus tremuloides
XP_034932162.1,Populus alba
XP_002322822.2,Populus trichocarpa
1YQD_A,Populus tremuloides
CAK9156012.1,Ilex paraguariensis
KAJ6864807.1,Populus alba x Populus x berolinensis
KAL9336543.1,Populus x canadensis
KAL7254901.1,Camellia fascicularis
AAK58693.1,Populus tremuloides
XP_059645436.1,Cornus florida
XP_061955310.1,Populus nigra
KAM7523848.1,Lonicera macranthoides
KAM7523845.1,Lonicera macranthoides
KAN4993919.1,Tetrastigma harmandii
XP_002276703.1,Vitis vinifera
KAH8485330.1,Populus deltoides
KAN5098943.1,Tetrastigma voinierianum
KAM7519792.1,Lonicera macranthoides
XP_003635435.1,Vitis vinifera
KAL7230556.1,Camellia fascicularis
KAF8406120.1,Tetracentron sinense
KAK2996019.1,Escallonia rubra
KAJ9670298.1,Vitis rotundifolia
MHY6193471.1,Vitis vinifera
CBI33198.3,Vitis vinifera
KAL9373993.1,Populus x canadensis
KAN4993913.1,Tetrastigma harmandii
XP_034690891.1,Vitis riparia
KAK2996021.1,Escallonia rubra
XP_011004094.1,Populus euphratica
Q8VWZ7.1,Catharanthus roseus
AGX93053.1,Rauvolfia serpentina
XHC56413.1,Ochrosia elliptica
AGX93054.1,Tabernaemontana elegans
AGX93052.1,Amsonia hubrichtii
AGX93051.1,Cinchona calisaya
KAL3526733.1,Cinchona calisaya
ANW12210.1,Gentiana crassa subsp. rigescens
AIA22171.1,Gentiana crassa subsp. rigescens
ANW12211.1,Gentiana crassa subsp. rigescens
BAP90522.1,Ophiorrhiza pumila
ANW12209.1,Gentiana crassa subsp. rigescens
XP_027154553.1,Coffea eugenioides
AGX93055.1,Vinca minor
XP_027078185.2,Coffea arabica
XYA23378.1,Carapichea ipecacuanha
KAL2552084.1,Forsythia ovata
WIE96227.1,Mitragyna speciosa
KAL2552131.1,Forsythia ovata
CAA3016391.1,Olea europaea subsp. europaea
XP_022858342.1,Olea europaea var. sylvestris
D1MI46.1,Swertia mussotii
CAA2993979.1,Olea europaea subsp. europaea
KAL2531890.1,Abeliophyllum distichum
KAK2996568.1,Escallonia herrerae
ALJ75585.1,Swertia asarifolia
KAK2975527.1,Escallonia rubra
KAK2988315.1,Escallonia rubra
KAM7516576.1,Lonicera macranthoides
MIH5275427.1,Antirrhinum majus var. pseudomajus
AGX93050.1,Lonicera japonica
KAI3452069.1,Paulownia fortunei
AQW38831.1,Nothapodytes nimmoniana
BCK60971.1,Scoparia dulcis
KAK4393342.1,Sesamum angolense
CAN8810798.1,Galium boreale
CAN8824567.1,Galium boreale
PIN03107.1,Handroanthus impetiginosus
XP_011099226.1,Sesamum indicum
KAL3525730.1,Cinchona calisaya
KAK6128915.1,Rehmannia glutinosa
CAN8810807.1,Galium boreale
KAL2531889.1,Abeliophyllum distichum
MIM5526562.1,Unknown
KAN3215018.1,Utricularia aurea
KAN3226489.1,Utricularia aurea
CAN8816309.1,Galium boreale
QOL71525.1,Valeriana jatamansi
XP_073057880.1,Primulina eburnea
XP_027153936.1,Coffea eugenioides
AFD64744.1,Catharanthus roseus
A0A7G5KLV3.1,Cananga odorata
KAL3509620.1,Cinchona calisaya
XYA23377.1,Carapichea ipecacuanha
XDF18249.1,Gelsemium elegans
WRW51042.1,Uncaria rhynchophylla
XP_071904867.1,Coffea arabica
CDP20227.1,Coffea canephora
NP_001413592.1,Coffea arabica
XP_027169969.1,Coffea eugenioides
QCT83300.1,Gardenia jasminoides
XP_027169926.1,Coffea eugenioides
XP_027063694.1,Coffea arabica
CCM43930.1,Coffea arabica
CAN8776270.1,Galium boreale
CAI9090338.1,Oldenlandia corymbosa var. corymbosa
CAN8799246.1,Galium boreale
R4YVJ8.2,Coffea arabica
CAN8793677.1,Galium boreale
AJT35508.1,Gentiana crassa subsp. rigescens
QKS73430.1,Swertia mussotii
CAN8782789.1,Galium boreale
WIE96226.1,Mitragyna speciosa
CAK9158995.1,Ilex paraguariensis
KAG8388794.1,Buddleja alternifolia
KAM7498239.1,Lonicera macranthoides
CAI9090340.1,Oldenlandia corymbosa var. corymbosa
KAI3450216.1,Paulownia fortunei
KAM7495175.1,Lonicera macranthoides
KAL3829007.1,Penstemon smallii
KAK2987973.1,Escallonia rubra
KAK4483045.1,Penstemon davidsonii
KAK4407628.1,Sesamum angolense
KAM7492313.1,Lonicera macranthoides
KAK6141808.1,Rehmannia glutinosa
QJD13722.1,Rehmannia glutinosa
XP_011080637.1,Sesamum indicum
KAK6163875.1,Rehmannia glutinosa
KAK3010328.1,Escallonia herrerae
MIH5295501.1,Antirrhinum majus var. pseudomajus
KAL2493940.1,Forsythia ovata
CDP20228.1,Coffea canephora
XP_022870562.1,Olea europaea var. sylvestris
CAA3023166.1,Olea europaea subsp. europaea
KAK2965668.1,Escallonia rubra
KAL3829006.1,Penstemon smallii
KAK2987975.1,Escallonia rubra
AFI47926.1,Olea europaea
CAN6010411.1,Veronica longifolia
AGB05612.1,Valeriana officinalis
I1TEM0.1,Catharanthus roseus
XLS40686.1,Voacanga thouarsii
XLS40693.1,Tabernaemontana elegans
YBV67929.1,Tabernanthe iboga
AIR93639.1,Amsonia hubrichtii
XLS40690.1,Rhazya stricta
AIR93638.1,Rauvolfia serpentina
AIR93636.1,Tabernaemontana elegans
AIR93637.1,Vinca minor
XLS40679.1,Rauvolfia tetraphylla
A0A9E7S4M4.1,Alstonia scholaris
XLS40684.1,Alstonia scholaris
XLS40687.1,Voacanga thouarsii
XUJ55400.1,Amsonia tabernaemontana
WRI02174.1,Alstonia scholaris
A0A9E7S4M3.1,Alstonia scholaris
XLS40677.1,Rauvolfia tetraphylla
XLS40673.1,Vinca minor
XUJ55399.1,Vinca minor
KAI5673144.1,Catharanthus roseus
XLS40678.1,Rauvolfia tetraphylla
XLS40688.1,Voacanga thouarsii
XLS40695.1,Tabernaemontana elegans
XLS40696.1,Tabernaemontana elegans
YBV67933.1,Tabernanthe iboga
XLS40697.1,Tabernaemontana elegans
P0DXJ2.1,Rauvolfia serpentina
KAI5675102.1,Catharanthus roseus
XLS40675.1,Vinca minor
XLS40681.1,Rauvolfia tetraphylla
XLS40680.1,Rauvolfia tetraphylla
P0DO13.1,Rauvolfia serpentina
W8JDE2.1,Catharanthus roseus
CAC27827.1,Catharanthus roseus
KAI5673596.1,Catharanthus roseus
P0DO14.1,Gelsemium sempervirens
A0A9E7LUJ4.1,Alstonia scholaris
XLS40698.1,Tabernaemontana elegans
XLS40683.1,Rauvolfia tetraphylla
XLS40676.1,Vinca minor
XLS40689.1,Voacanga thouarsii
XLS40692.1,Rhazya stricta
WRI02175.1,Alstonia scholaris
P0DO79.1,Strychnos nux-vomica
P0DO88.1,Strychnos sp.
XLS40682.1,Rauvolfia tetraphylla
CAI9094694.1,Oldenlandia corymbosa var. corymbosa
XLS40691.1,Rhazya stricta
QXN66187.1,Catharanthus roseus
KAI5665036.1,Catharanthus roseus
W8JWW7.1,Catharanthus roseus
8A3N_A,Catharanthus roseus
A0A9E7LUR3.1,Alstonia scholaris
WPM01483.1,Rauvolfia tetraphylla
KAI5648032.1,Catharanthus roseus
W8JCF0.1,Catharanthus roseus
YBV67928.1,Tabernanthe iboga
P0DXJ1.1,Rauvolfia serpentina
YFZ31641.1,Strychnos spinosa
YFZ31640.1,Gelsemium sempervirens
WJM00679.1,Mitragyna speciosa
KAI3462151.1,Paulownia fortunei
XP_059624102.1,Cornus florida
XP_059624099.1,Cornus florida
CAI9758177.1,Fraxinus pennsylvanica
KAG8383641.1,Buddleja alternifolia
XP_059624104.1,Cornus florida
MIH5288923.1,Antirrhinum majus var. pseudomajus
KAI3464775.1,Paulownia fortunei
CAA2997492.1,Olea europaea subsp. europaea
VFQ99669.1,Cuscuta campestris
XP_059624110.1,Cornus florida
VFQ88114.1,Cuscuta campestris
CAA2972799.1,Olea europaea subsp. europaea
CAA2997493.1,Olea europaea subsp. europaea
CAN8757688.1,Galium boreale
AHK06497.1,Pogostemon cablin
XP_022851765.1,Olea europaea var. sylvestris
XP_034690888.1,Vitis riparia
CAA2972800.1,Olea europaea subsp. europaea
WPM01484.1,Rauvolfia tetraphylla
CAA2972803.1,Olea europaea subsp. europaea
KAI3451270.1,Paulownia fortunei
KAN3213867.1,Utricularia aurea
CAA2935068.1,Olea europaea subsp. europaea
XP_059594570.1,Vitis vinifera
WKU61909.1,Mitragyna speciosa
WNF20696.1,Mitragyna speciosa
KAA8531460.1,Nyssa sinensis
CAN8748557.1,Galium boreale
CAA2972805.1,Olea europaea subsp. europaea
A0A0U4AHM6.1,Rauvolfia serpentina
KAL2521717.1,Forsythia ovata
KAL3527468.1,Cinchona calisaya
XP_011097456.1,Sesamum indicum
KAL3527267.1,Cinchona calisaya
KAA8546675.1,Nyssa sinensis
AAQ20892.1,Camptotheca acuminata
W8JIS5.1,Catharanthus roseus
AHX24370.1,Catharanthus roseus
AHX24367.1,Rauvolfia serpentina
XHC56417.1,Ochrosia elliptica
AHX24366.1,Amsonia hubrichtii
AHX24369.1,Vinca minor
AHX24368.1,Tabernaemontana elegans
AHX24365.1,Cinchona calisaya
CAI9097843.1,Oldenlandia corymbosa var. corymbosa
WIE96230.1,Mitragyna speciosa
UQH56964.1,Uncaria rhynchophylla
CAN8752212.1,Galium boreale
AKI87772.1,Gentiana crassa subsp. rigescens
AKJ26120.1,Gentiana crassa subsp. rigescens
XP_071908387.1,Coffea arabica
XP_022866331.1,Olea europaea var. sylvestris
CAA2996947.1,Olea europaea subsp. europaea
KAL2554414.1,Forsythia ovata
KAL2554303.1,Forsythia ovata
ASY08116.1,Nothapodytes nimmoniana
KAK3008065.1,Escallonia herrerae
KAK2997858.1,Escallonia herrerae
KAK2987907.1,Escallonia rubra
KAK2996243.1,Escallonia herrerae
KAL2533581.1,Abeliophyllum distichum
XP_027175083.1,Coffea eugenioides
KAL2533597.1,Abeliophyllum distichum
XP_027069257.2,Coffea arabica
CAA2959810.1,Olea europaea subsp. europaea
CAA3007723.1,Olea europaea subsp. europaea
XP_022899380.1,Olea europaea var. sylvestris
KAK4396455.1,Sesamum angolense
KAG8376656.1,Buddleja alternifolia
KAA8516657.1,Nyssa sinensis
KAM7464286.1,Lonicera macranthoides
XP_011094434.1,Sesamum indicum
XP_058204108.1,Rhododendron vialii
KAG5556690.1,Rhododendron griersonianum
KAI3473941.1,Paulownia fortunei
XP_059669433.1,Cornus florida
KAM7531646.1,Lonicera macranthoides
KAM7468304.1,Lonicera macranthoides
XP_058204109.1,Rhododendron vialii
KAK6147119.1,Rehmannia glutinosa
ALV83446.1,Olea europaea subsp. europaea
KAK4481147.1,Penstemon davidsonii
KAM7526118.1,Lonicera macranthoides
AHX24364.1,Lonicera japonica
CAN4758394.1,Veronica longifolia
XP_051130969.1,Andrographis paniculata
K7WDL7.1,Catharanthus roseus
AIW09147.1,Catharanthus roseus
AMB61018.1,Lonicera japonica
AHA82033.1,Catharanthus roseus
AOA52204.1,Catharanthus roseus
AOA52208.1,Catharanthus roseus
AOA52207.1,Catharanthus roseus
AOA52209.1,Catharanthus roseus
AOA52206.1,Catharanthus roseus
AOA52210.1,Catharanthus roseus
AOA52212.1,Catharanthus roseus
AOA52205.1,Catharanthus roseus
AOA52211.1,Catharanthus roseus
AOA52213.1,Catharanthus roseus
5EMH_A,Catharanthus roseus
5DCU_A,Catharanthus roseus
5DF1_A,Catharanthus roseus
5DCY_A,Catharanthus roseus
5COA_A,Catharanthus roseus
5DBF_A,Catharanthus roseus
XHC56416.1,Ochrosia elliptica
XDF18252.1,Gelsemium elegans
KAL3505075.1,Cinchona calisaya
WIE96229.1,Mitragyna speciosa
CAI9115927.1,Oldenlandia corymbosa var. corymbosa
CAI9115928.1,Oldenlandia corymbosa var. corymbosa
XYA23380.1,Carapichea ipecacuanha
CAN8770570.1,Galium boreale
ASK39427.1,Swertia mussotii
AKI87774.1,Gentiana crassa subsp. rigescens
CAN8788750.1,Galium boreale
AKI87775.1,Gentiana crassa subsp. rigescens
KAK3011715.1,Escallonia herrerae
CAK9155403.1,Ilex paraguariensis
KAK2999198.1,Escallonia herrerae
KAL2471582.1,Abeliophyllum distichum
KAK2985645.1,Escallonia rubra
KAL2489276.1,Forsythia ovata
CAN8783576.1,Galium boreale
CAN8764763.1,Galium boreale
QOL71526.1,Valeriana jatamansi
KAL2489194.1,Forsythia ovata
CAI9771365.1,Fraxinus pennsylvanica
CAI9115926.1,Oldenlandia corymbosa var. corymbosa
ALV83438.1,Olea europaea subsp. europaea
QMS55274.1,Gardenia jasminoides
XP_022874521.1,Olea europaea var. sylvestris
CAA2998868.1,Olea europaea subsp. europaea
CAA2999133.1,Olea europaea subsp. europaea
XP_071924634.1,Coffea arabica
B2KPR3.1,Catharanthus roseus
6C8R_A,Catharanthus roseus
XHC56420.1,Ochrosia elliptica
QDD67562.1,Uncaria tomentosa
XYA23383.1,Carapichea ipecacuanha
WIE96233.1,Mitragyna speciosa
UYZ56985.1,Hamelia patens
KAL3508960.1,Cinchona calisaya
KAL3508959.1,Cinchona calisaya
KAL3502926.1,Cinchona calisaya
QWX38535.1,Ophiorrhiza pumila
CAI9089024.1,Oldenlandia corymbosa var. corymbosa
AMB61019.1,Lonicera japonica
KAM7503053.1,Lonicera macranthoides
KAM7497720.1,Lonicera macranthoides
CAN8781856.1,Galium boreale
CAN8777167.1,Galium boreale
CAN8800014.1,Galium boreale
KAK2966624.1,Escallonia rubra
KAK2983370.1,Escallonia rubra
KAK2998844.1,Escallonia herrerae
KAK3032509.1,Escallonia herrerae
KAM7497727.1,Lonicera macranthoides
KAM7503061.1,Lonicera macranthoides
XP_059664910.1,Cornus florida
XP_059664911.1,Cornus florida
XP_059665203.1,Cornus florida
CAI9089026.1,Oldenlandia corymbosa var. corymbosa
KAL6975998.1,Sarracenia purpurea var. burkii
WMS56963.1,Nothapodytes tomentosa
8WWQ_A,Gardenia jasminoides
QVL91739.1,Gardenia jasminoides
XAX32764.1,Gardenia jasminoides
XP_058208735.1,Rhododendron vialii
KAH7844450.1,Vaccinium darrowii
KAH7843294.1,Vaccinium darrowii
XP_058208733.1,Rhododendron vialii
XP_058208732.1,Rhododendron vialii
XP_071904222.1,Coffea arabica
KAK2987309.1,Escallonia rubra
KAF7144724.1,Rhododendron simsii
XP_058208727.1,Rhododendron vialii
CAI9089025.1,Oldenlandia corymbosa var. corymbosa
KAK9271711.1,Liquidambar formosana
XP_059664906.1,Cornus florida
KAF8407712.1,Tetracentron sinense
KAF8407701.1,Tetracentron sinense
CAK9177946.1,Ilex paraguariensis
KAF7146143.1,Rhododendron simsii
KAF7146302.1,Rhododendron simsii
ADP00410.1,Catharanthus roseus
W5U2K2.1,Catharanthus roseus
A0A8X8M501.1,Catharanthus roseus
AHH33093.1,Catharanthus roseus var. roseus
A0A075D5I4.1,Rauvolfia serpentina
A0A075D657.1,Vinca minor
A0A8X8M4T9.1,Catharanthus roseus
A0A075D6M1.1,Rauvolfia serpentina
AHH02778.1,Rauvolfia serpentina
AHH02783.1,Vinca minor
AHH02779.1,Rauvolfia serpentina
AHH02784.1,Vinca minor
AHH02785.1,Catharanthus roseus
KAI5647637.1,Catharanthus roseus
A0A8X8M505.1,Catharanthus roseus
A0A075D654.1,Rauvolfia serpentina
XP_059625110.1,Cornus florida
A0A8X8M4W6.1,Catharanthus roseus
XP_059659320.1,Cornus florida
XP_027097247.1,Coffea arabica
XP_027097246.1,Coffea arabica
KAJ1702801.1,Rhynchospora breviuscula
XP_059659319.1,Cornus florida
XP_071926494.1,Coffea arabica
XP_059625111.1,Cornus florida
XP_027097244.1,Coffea arabica
XP_023767658.1,Lactuca sativa
KAO1642913.1,Pilocarpus microphyllus
XP_059659322.1,Cornus florida
XP_078882444.1,Lactuca serriola
KAI3473263.1,Paulownia fortunei
XP_078837562.1,Lactuca saligna
XP_027100043.1,Coffea arabica
XP_027100044.1,Coffea arabica
KAJ4759028.1,Rhynchospora pubera
PIN08725.1,Handroanthus impetiginosus
KAJ4811470.1,Rhynchospora pubera
KAJ4746352.1,Rhynchospora pubera
XP_027151388.1,Coffea eugenioides
GMH19690.1,Nepenthes gracilis
CAN8666652.1,Galium boreale
KAL3839650.1,Penstemon smallii
XP_027151387.1,Coffea eugenioides
XP_027100042.1,Coffea arabica
KAI3473996.1,Paulownia fortunei
KAJ4799986.1,Rhynchospora pubera
MIM5516248.1,Unknown
WOL14136.1,Canna indica
KAJ3707098.1,Rhynchospora tenuis
CAN8661365.1,Galium boreale
A0A2P1GIW4.1,Catharanthus roseus
KAI5672618.1,Catharanthus roseus
YBV67930.1,Tabernanthe iboga
XHA77573.1,Mitragyna parvifolia
XHA77574.1,Mitragyna speciosa
XHA77576.1,Uncaria rhynchophylla
KAL3527495.1,Cinchona calisaya
XHA77575.1,Cephalanthus occidentalis
WNF20697.1,Mitragyna speciosa
YCO90883.1,Cinchona pubescens
GMY12060.1,Fagus crenata
KAL3527584.1,Cinchona calisaya
XP_071912772.1,Coffea arabica
CAR5610630.1,Unknown
KAJ8765636.1,Erythroxylum novogranatense
WNF20698.1,Mitragyna speciosa
XP_027079442.1,Coffea arabica
XP_027178562.1,Coffea eugenioides
KAK4585050.1,Quercus rubra
CAN8813361.1,Galium boreale
KAK9990921.1,Lithocarpus litseifolius
XP_027075677.2,Coffea arabica
XP_034677177.1,Vitis riparia
XP_027177663.1,Coffea eugenioides
XP_075652736.1,Castanea sativa
XP_030969046.1,Quercus lobata
KAF3946821.1,Castanea mollissima
KAK4585052.1,Quercus rubra
KAJ8771215.1,Erythroxylum novogranatense
KAK4585048.1,Quercus rubra
KAM3756810.1,Castanea mollissima
KAK4844323.1,Acer negundo
XP_030974480.1,Quercus lobata
CAN8813359.1,Galium boreale
KAM3708994.1,Castanea mollissima
KAF3950790.1,Castanea mollissima
KAL4644432.1,Castanea dentata
A0A2P1GIY9.1,Catharanthus roseus
XUJ55406.1,Amsonia tabernaemontana
A0A9E7S518.1,Alstonia scholaris
YBV67931.1,Tabernanthe iboga
A0A9E7S5B9.1,Alstonia scholaris
KAL3512469.1,Cinchona calisaya
KAI5673958.1,Catharanthus roseus
XP_027125634.2,Coffea arabica
XP_027167443.1,Coffea eugenioides
KAL3512470.1,Cinchona calisaya
KAL3512468.1,Cinchona calisaya
XP_071901954.1,Coffea arabica
KAL3512473.1,Cinchona calisaya
XP_027167445.1,Coffea eugenioides
KAL3512474.1,Cinchona calisaya
XP_027167446.1,Coffea eugenioides
KAL3507619.1,Cinchona calisaya
XP_027125636.1,Coffea arabica
XP_027122930.1,Coffea arabica
XP_027167444.1,Coffea eugenioides
CDP20573.1,Coffea canephora
XP_054812149.1,Prosopis cineraria
CDP20572.1,Coffea canephora
CAI9113271.1,Oldenlandia corymbosa var. corymbosa
CAI9113270.1,Oldenlandia corymbosa var. corymbosa
XP_028805520.1,Neltuma alba
CAI9113273.1,Oldenlandia corymbosa var. corymbosa
CDP20574.1,Coffea canephora
CAI9113261.1,Oldenlandia corymbosa var. corymbosa
CAI9113248.1,Oldenlandia corymbosa var. corymbosa
CAI9113260.1,Oldenlandia corymbosa var. corymbosa
CAI9113278.1,Oldenlandia corymbosa var. corymbosa
KAL9334803.1,Populus x canadensis
KAK4280623.1,Acacia crassicarpa
PIN18758.1,Handroanthus impetiginosus
XP_059647621.1,Cornus florida
KAK9277910.1,Liquidambar formosana
XP_042501615.1,Macadamia integrifolia
KAI5673959.1,Catharanthus roseus
XP_038680599.1,Tripterygium wilfordii
XP_027125635.2,Coffea arabica
XP_038687751.1,Tripterygium wilfordii
KAI9087327.1,Acacia pycnantha
XP_061956522.1,Populus nigra
XP_059643953.1,Cornus florida
KAI5568665.1,Populus trichocarpa
XP_011000749.1,Populus euphratica
KAJ9674295.1,Vitis rotundifolia
PIN18776.1,Handroanthus impetiginosus
XP_052301801.1,Populus trichocarpa
A0A2P1GIW7.1,Catharanthus roseus
YBV67932.1,Tabernanthe iboga
Q70PR7.2,Rauvolfia serpentina
KAI5655298.1,Catharanthus roseus
CAK9172568.1,Ilex paraguariensis
XP_059644671.1,Cornus florida
XP_059638881.1,Cornus florida
XP_059658977.1,Cornus florida
CAK9168613.1,Ilex paraguariensis
XP_071902017.1,Coffea arabica
XP_027169292.1,Coffea eugenioides
KAA8542165.1,Nyssa sinensis
CAK9172671.1,Ilex paraguariensis
XP_027169294.1,Coffea eugenioides
XP_071902536.1,Coffea arabica
PIN14892.1,Handroanthus impetiginosus
CDP15031.1,Coffea canephora
KAA8542163.1,Nyssa sinensis
XP_059644282.1,Cornus florida
XP_027162825.1,Coffea eugenioides
CDP08574.1,Coffea canephora
KAL3512591.1,Cinchona calisaya
XP_027109682.2,Coffea arabica
KAL3533129.1,Cinchona calisaya
KAI3472586.1,Paulownia fortunei
KAL2515212.1,Forsythia ovata
PIN14889.1,Handroanthus impetiginosus
KAA8542162.1,Nyssa sinensis
XP_059638879.1,Cornus florida
KAL2515215.1,Forsythia ovata
XUJ55407.1,Rauvolfia serpentina
KAL2515092.1,Forsythia ovata
KAL2515218.1,Forsythia ovata
XP_071902535.1,Coffea arabica
CAK9143472.1,Ilex paraguariensis
XP_009602470.1,Nicotiana tomentosiformis
KAL2515373.1,Forsythia ovata
PIN01255.1,Handroanthus impetiginosus
KAL2515346.1,Forsythia ovata
XP_016477365.1,Nicotiana tabacum
KAL3512592.1,Cinchona calisaya
XP_022862234.1,Olea europaea var. sylvestris
KAI3463653.1,Paulownia fortunei
KAI5669457.1,Catharanthus roseus
KAL7161773.1,Camellia fascicularis
KAL2492306.1,Abeliophyllum distichum
CAA2939542.1,Olea europaea subsp. europaea
KAL2515219.1,Forsythia ovata
XP_009773462.2,Nicotiana sylvestris
KAL2515216.1,Forsythia ovata
AAF28800.1,Catharanthus roseus
KAI5665029.1,Catharanthus roseus
ABW77570.1,Catharanthus roseus
AVH80943.1,Catharanthus roseus
KAI5665034.1,Catharanthus roseus
AFI71457.1,Rauvolfia verticillata
Q8GU20.1,Rauvolfia serpentina
YBV67927.1,Tabernanthe iboga
KAM7508712.1,Lonicera macranthoides
KAM7512045.1,Lonicera macranthoides
KAM7508710.1,Lonicera macranthoides
KAM7512042.1,Lonicera macranthoides
WNF20694.1,Mitragyna speciosa
KAL3533007.1,Cinchona calisaya
KAL3533003.1,Cinchona calisaya
9LF6_A,Gelsemium sempervirens
XP_059634684.1,Cornus florida
UTN00717.1,Centaurium erythraea subsp. erythraea
UTN00716.1,Centaurium erythraea subsp. erythraea
KAM7508701.1,Lonicera macranthoides
AES93119.1,Camptotheca acuminata
KAI5675797.1,Catharanthus roseus
KAM7511443.1,Lonicera macranthoides
KAM7508125.1,Lonicera macranthoides
KAK3034898.1,Escallonia herrerae
XP_058200437.1,Rhododendron vialii
KAA8549635.1,Nyssa sinensis
XP_059652677.1,Cornus florida
Q9SPP9.1,Rauvolfia serpentina
KAI5675780.1,Catharanthus roseus
KAI7991254.1,Camellia lanceoleosa
CAL5433809.1,Camellia sinensis
CAL5357933.1,Camellia sinensis
4ATD_A,Rauvolfia serpentina
XUU14067.1,Camptotheca acuminata
CAL5437784.1,Camellia sinensis
KAI8526351.1,Rhododendron molle
3U57_A,Rauvolfia serpentina
KAL7227099.1,Camellia fascicularis
XP_082755941.1,Camellia sinensis
GMQ00632.1,Camellia sinensis var. sinensis
KAL7199246.1,Camellia fascicularis
GLT57776.1,Shorea laevis
GMD25905.1,Ipomoea batatas
QCD88437.1,Vigna unguiculata
KAL3533004.1,Cinchona calisaya
XP_027910736.2,Vigna unguiculata
XP_027910735.2,Vigna unguiculata
KAL2481845.1,Abeliophyllum distichum
XP_027174620.1,Coffea eugenioides
Q05047.1,Catharanthus roseus
AAA17732.1,Catharanthus roseus
U5NDT8.1,Catharanthus roseus
AKF02530.1,Catharanthus roseus
KAI5669980.1,Catharanthus roseus
AAA17746.1,Catharanthus roseus
AGX93047.1,Rauvolfia serpentina
AGX93046.1,Amsonia hubrichtii
AGX93049.1,Vinca minor
XHC56421.1,Ochrosia elliptica
AGX93048.1,Tabernaemontana elegans
WIE96234.1,Mitragyna speciosa
KAL3537460.1,Cinchona calisaya
QWX38536.1,Ophiorrhiza pumila
WRW51048.1,Uncaria rhynchophylla
BAP90521.1,Ophiorrhiza pumila
WMS56962.1,Nothapodytes tomentosa
KAM7476746.1,Lonicera macranthoides
AGX93044.1,Lonicera japonica
KAM7472525.1,Lonicera macranthoides
KAM7476744.1,Lonicera macranthoides
AQW38832.1,Nothapodytes nimmoniana
AGX93045.1,Cinchona calisaya
KAM7472526.1,Lonicera macranthoides
WHM27864.1,Gentiana crassicaulis
KAL3537457.1,Cinchona calisaya
WHM27863.1,Gentiana crassicaulis
KAL3516465.1,Cinchona calisaya
XYA23384.1,Carapichea ipecacuanha
QAS69007.1,Swertia mussotii
BBI55002.1,Swertia japonica
WHM27862.1,Gentiana crassicaulis
QWX38538.1,Ophiorrhiza pumila
KAM7523456.1,Lonicera macranthoides
QWX38537.1,Ophiorrhiza pumila
KAM7528991.1,Lonicera macranthoides
KAL3502754.1,Cinchona calisaya
KAL3537465.1,Cinchona calisaya
QNL13416.1,Camptotheca acuminata
QDC27813.1,Camptotheca acuminata
KAA8526713.1,Nyssa sinensis
KAA8524066.1,Nyssa sinensis
KAM7523457.1,Lonicera macranthoides
QDC27812.1,Camptotheca acuminata
ADU19849.1,Camptotheca acuminata
KAA8526716.1,Nyssa sinensis
XYA23391.1,Alangium salviifolium
KAA8526717.1,Nyssa sinensis
QNL13418.1,Camptotheca acuminata
XP_059636257.1,Cornus florida
P18417.2,Catharanthus roseus
CAA37671.1,Catharanthus roseus
6ZEA_A,Catharanthus roseus
P68175.1,Rauvolfia serpentina
2FP8_A,Rauvolfia serpentina
8WKL_A,Rauvolfia serpentina
P68174.1,Rauvolfia mannii
6N5V_A,Rauvolfia serpentina
2FPB_A,Rauvolfia serpentina
2V91_A,Rauvolfia serpentina
AEY82399.1,Vinca minor
AEY82398.1,Tabernaemontana elegans
YGO55951.1,Gelsemium elegans
AXK92563.1,Gelsemium sempervirens
USE06681.1,Uncaria rhynchophylla
KAL3524955.1,Cinchona calisaya
WIE96235.1,Mitragyna speciosa
KAL3524956.1,Cinchona calisaya
ABZ79473.1,Mitragyna speciosa
XKQ11353.1,Cinchona pubescens
ADK91432.1,Mitragyna speciosa
6S5J_A,Ophiorrhiza pumila
BAB47180.1,Ophiorrhiza pumila
ACF21007.1,Ophiorrhiza japonica
KAL3509714.1,Cinchona calisaya
USZ80136.1,Uncaria rhynchophylla
YDH27071.1,Pogonopus speciosus
AFB70990.1,Mitragyna speciosa
KAL3512344.1,Cinchona calisaya
AEL97643.1,Amsonia tabernaemontana
KAM7471197.1,Lonicera macranthoides
KAM7502580.1,Lonicera macranthoides
KAM7479766.1,Lonicera macranthoides
KAM7497213.1,Lonicera macranthoides
KAM7497216.1,Lonicera macranthoides
KAM7479768.1,Lonicera macranthoides
KAM7502579.1,Lonicera macranthoides
XP_010663511.1,Vitis vinifera
XP_050238081.1,Mercurialis annua
KAM7471196.1,Lonicera macranthoides
KAJ4713290.1,Melia azedarach
KAM7478334.1,Lonicera macranthoides
KAM7479765.1,Lonicera macranthoides
XP_059639506.1,Cornus florida
XP_027088110.1,Coffea arabica
XP_071920386.1,Coffea arabica
KAK2997344.1,Escallonia herrerae
XP_027183854.1,Coffea eugenioides
XP_038688092.1,Tripterygium wilfordii
KAL3512343.1,Cinchona calisaya
U5HKE8.1,Catharanthus roseus
KAI5660806.1,Catharanthus roseus
KAI5660807.1,Catharanthus roseus
P98183.2,Catharanthus roseus
CAB56503.1,Catharanthus roseus
KAI5665014.1,Catharanthus roseus
KAI5660805.1,Catharanthus roseus
XDF89438.1,Tabernaemontana litoralis
XUJ55404.1,Tabernaemontana elegans
XP_027061897.1,Coffea arabica
A0A2Z5P2H9.1,Tabernanthe iboga
XP_071906309.1,Coffea arabica
XP_027127449.2,Coffea arabica
XP_027183678.1,Coffea eugenioides
XP_027063416.2,Coffea arabica
XP_027185027.1,Coffea eugenioides
XP_027183679.1,Coffea eugenioides
KAL3509419.1,Cinchona calisaya
KAI5660811.1,Catharanthus roseus
XP_031278227.1,Pistacia vera
A0A343URW6.1,Catharanthus roseus
XP_027115698.1,Coffea arabica
XP_027183307.1,Coffea eugenioides
KAL3503596.1,Cinchona calisaya
XP_027170055.1,Coffea eugenioides
XP_027185714.1,Coffea eugenioides
XP_027166633.1,Coffea eugenioides
XP_027120747.1,Coffea arabica
CDP10868.1,Coffea canephora
KAL3503594.1,Cinchona calisaya
CAK9155047.1,Ilex paraguariensis
KAI8010944.1,Camellia lanceoleosa
XP_027084371.1,Coffea arabica
XP_027063807.1,Coffea arabica
KAI5660685.1,Catharanthus roseus
XP_027061101.1,Coffea arabica
KAL7217797.1,Camellia fascicularis
CDP17724.1,Coffea canephora
CAL5392569.1,Camellia sinensis
GMP52207.1,Camellia sinensis var. sinensis
XP_071904372.1,Coffea arabica
THG16343.1,Camellia sinensis var. sinensis
XOK36673.1,Tabernaemontana elegans
XP_027061898.1,Coffea arabica
XP_027062512.1,Coffea arabica
CAK9155048.1,Ilex paraguariensis
XP_028065313.2,Camellia sinensis
XP_027170054.1,Coffea eugenioides
XP_027127107.1,Coffea arabica
KAL4618706.1,Castanea dentata
I1TEM1.1,Catharanthus roseus
CQR79400.1,Catharanthus roseus
KAI5650222.1,Catharanthus roseus
P0DO22.1,Catharanthus roseus
YCQ69669.1,Vinca minor
XP_027067856.1,Coffea arabica
XDF89439.1,Tabernaemontana litoralis
KAL3529971.1,Cinchona calisaya
XP_027170794.1,Coffea eugenioides
KAL2525457.1,Abeliophyllum distichum
KAK4435786.1,Sesamum alatum
XLZ13771.1,Tabernaemontana elegans
CAA3006604.1,Olea europaea subsp. europaea
KAL2525483.1,Abeliophyllum distichum
KAK4435787.1,Sesamum alatum
KAL2548329.1,Forsythia ovata
KAK4573502.1,Quercus rubra
KAL2548214.1,Forsythia ovata
KAL2548306.1,Forsythia ovata
XP_022856084.1,Olea europaea var. sylvestris
KAK7855284.1,Quercus suber
XP_023905960.2,Quercus suber
KAI5669459.1,Catharanthus roseus
CAA2986827.1,Olea europaea subsp. europaea
KAI3468318.1,Paulownia fortunei
KAK9993082.1,Lithocarpus litseifolius
ACD42776.1,Catharanthus roseus
XP_030933655.1,Quercus lobata
XP_062160324.1,Alnus glutinosa
KAL2517591.1,Abeliophyllum distichum
AAO32822.1,Catharanthus roseus
XP_027182740.1,Coffea eugenioides
XP_027080461.1,Coffea arabica
CAA2966524.1,Olea europaea subsp. europaea
KAH7849083.1,Vaccinium darrowii
KAL2548246.1,Forsythia ovata
KAI5669456.1,Catharanthus roseus
KAL2517573.1,Abeliophyllum distichum
KAM3731377.1,Castanea mollissima
XP_027182738.1,Coffea eugenioides
KAI3468346.1,Paulownia fortunei
XP_071925432.1,Coffea arabica
XP_027070717.2,Coffea arabica
XP_022863012.1,Olea europaea var. sylvestris
KAI3468347.1,Paulownia fortunei
XP_050252286.1,Quercus robur
KAK2968207.1,Escallonia rubra
KAK2977178.1,Escallonia rubra
KAK3033177.1,Escallonia herrerae
BAN58140.1,Hyoscyamus albus
A0A161CAI1.1,Catharanthus roseus
AKM12281.1,Catharanthus roseus
KAI5666878.1,Catharanthus roseus
KAI5666894.1,Catharanthus roseus
KAI5666869.1,Catharanthus roseus
KAI5666879.1,Catharanthus roseus
WPM01482.1,Rauvolfia tetraphylla
KAI5672516.1,Catharanthus roseus
AKF02528.1,Catharanthus roseus
5FI3_A,Catharanthus roseus
WKU61922.1,Rauvolfia serpentina
WPM01480.1,Rauvolfia tetraphylla
KAI5669985.1,Catharanthus roseus
KAI5666901.1,Catharanthus roseus
ANQ45225.1,Catharanthus roseus
ANQ45224.1,Catharanthus roseus
5H83_A,Catharanthus roseus
KAI5669914.1,Catharanthus roseus
WPM01477.1,Rauvolfia tetraphylla
WPM01478.1,Rauvolfia tetraphylla
XP_051127384.1,Andrographis paniculata
XP_042025790.1,Salvia splendens
VFQ99671.1,Cuscuta campestris
MIH5255354.1,Unknown
KAL3625110.1,Castilleja foliolosa
CAP0063242.1,Coleus comosus x Coleus neochilus
RAL43631.1,Cuscuta australis
CAA2969393.1,Olea europaea subsp. europaea
CAI9753221.1,Fraxinus pennsylvanica
XHC56414.1,Ochrosia elliptica
AZB52815.1,Centranthera grandiflora
CAA2969394.1,Olea europaea subsp. europaea
KAH6837513.1,Perilla frutescens var. hirtella
CAO9954191.1,Coleus comosus x Coleus neochilus
VFQ88112.1,Cuscuta campestris
P0DXJ3.1,Rauvolfia serpentina
XHA77571.1,Gelsemium sempervirens
KAL8514819.1,Phlomoides rotata
KAN8657924.1,Castilleja parviflora
KAH6799415.1,Perilla frutescens var. frutescens
KAK4490413.1,Penstemon davidsonii
P17770.1,Catharanthus roseus
AYA72254.1,Catharanthus roseus
6EEW_A,Catharanthus roseus
WMM65729.1,Rauvolfia tetraphylla
ABP96805.1,Rauvolfia verticillata
AEY82397.1,Vinca minor
AEY82396.1,Tabernaemontana elegans
AXK92562.1,Gelsemium sempervirens
XP_019263725.1,Nicotiana attenuata
XP_009622485.1,Nicotiana tomentosiformis
XP_016465650.1,Nicotiana tabacum
XKQ11358.1,Cinchona pubescens
XP_009760717.2,Nicotiana sylvestris
XP_027061199.2,Coffea arabica
KAL3509742.1,Cinchona calisaya
QLQ34389.1,Ophiorrhiza pumila
KAK4368509.1,Anisodus tanguticus
KAJ8568829.1,Anisodus acutangulus
KAL3509537.1,Cinchona calisaya
XP_027061221.1,Coffea arabica
PHT76536.1,Capsicum annuum
KAK4714279.1,Solanum pinnatisectum
XP_027172386.1,Coffea eugenioides
XP_071904882.1,Coffea arabica
XP_016580730.1,Capsicum annuum
XP_027172752.1,Coffea eugenioides
KAM3395480.1,Capsicum galapagoense
XP_027172662.1,Coffea eugenioides
KAF8411242.1,Tetracentron sinense
XP_015160638.1,Solanum tuberosum
KAM3301727.1,Capsicum chacoense
CDP11776.1,Coffea canephora
PHU12264.1,Capsicum chinense
PHU12265.1,Capsicum chinense
XP_027063707.1,Coffea arabica
PHT43311.1,Capsicum baccatum
KAK6785055.1,Solanum bulbocastanum
XP_059284124.1,Lycium ferocissimum
XP_060189824.1,Lycium barbarum
NP_001312016.1,Capsicum annuum
KAN2019259.1,Solanum demissum
KAN2064893.1,Solanum demissum
TMW84277.1,Solanum chilense
KAM3301726.1,Capsicum chacoense
KAF3633288.1,Capsicum annuum
KAO0575152.1,Solanum pimpinellifolium
KAH0656272.1,Solanum tuberosum
PHT76535.1,Capsicum annuum
KAM3395479.1,Capsicum galapagoense
CAQ5420717.1,Solanum cheesmaniae
KAL3507920.1,Cinchona calisaya
KAL3507921.1,Cinchona calisaya
